asof,ticker,earnings_date,days_to_earnings
2026-08-23,NVDA,2026-08-26,3
2026-08-23,TSLA,2026-10-21,59
2026-08-23,AMD,2026-11-03,72
2026-08-23,META,2026-10-28,66
2026-08-23,AVGO,2026-09-02,10
2026-08-23,MU,2026-09-23,31
2026-08-23,COIN,2026-10-29,67
2026-08-23,PLTR,2026-11-02,71
2026-08-23,NFLX,2026-10-20,58
2026-08-23,CRM,2026-08-26,3
2026-08-23,UBER,2026-11-03,72
2026-08-23,SHOP,2026-11-03,72
2026-08-23,MRVL,2026-08-27,4
2026-08-23,SMCI,2026-11-03,72
2026-08-24,NVDA,2026-08-26,2
2026-08-24,TSLA,2026-10-21,58
2026-08-24,AMD,2026-11-03,71
2026-08-24,META,2026-10-28,65
2026-08-24,AVGO,2026-09-02,9
2026-08-24,MU,2026-09-23,30
2026-08-24,COIN,2026-10-29,66
2026-08-24,PLTR,2026-11-02,70
2026-08-24,NFLX,2026-10-20,57
2026-08-24,CRM,2026-08-26,2
2026-08-24,UBER,2026-11-03,71
2026-08-24,SHOP,2026-11-03,71
2026-08-24,MRVL,2026-08-27,3
2026-08-24,SMCI,2026-11-03,71
2026-08-25,NVDA,2026-08-26,1
2026-08-25,TSLA,2026-10-21,57
2026-08-25,AMD,2026-11-03,70
2026-08-25,META,2026-10-28,64
2026-08-25,AVGO,2026-09-02,8
2026-08-25,MU,2026-09-23,29
2026-08-25,COIN,2026-10-29,65
2026-08-25,PLTR,2026-11-02,69
2026-08-25,NFLX,2026-10-20,56
2026-08-25,CRM,2026-08-26,1
2026-08-25,UBER,2026-11-03,70
2026-08-25,SHOP,2026-11-03,70
2026-08-25,MRVL,2026-08-27,2
2026-08-25,SMCI,2026-11-03,70
2026-08-27,NVDA,2026-11-17,82
2026-08-27,TSLA,2026-10-21,55
2026-08-27,AMD,2026-11-03,68
2026-08-27,META,2026-10-28,62
2026-08-27,AVGO,2026-09-02,6
2026-08-27,MU,2026-09-30,34
2026-08-27,COIN,2026-10-29,63
2026-08-27,PLTR,2026-11-02,67
2026-08-27,NFLX,2026-10-20,54
2026-08-27,CRM,2026-08-26,-1
2026-08-27,UBER,2026-11-03,68
2026-08-27,SHOP,2026-11-03,68
2026-08-27,MRVL,2026-08-27,0
2026-08-27,SMCI,2026-11-03,68
2026-08-28,NVDA,2026-11-17,81
2026-08-28,TSLA,2026-10-21,54
2026-08-28,AMD,2026-11-03,67
2026-08-28,META,2026-10-28,61
2026-08-28,AVGO,2026-09-02,5
2026-08-28,MU,2026-09-30,33
2026-08-28,COIN,2026-10-29,62
2026-08-28,PLTR,2026-11-02,66
2026-08-28,NFLX,2026-10-20,53
2026-08-28,CRM,2026-08-26,-2
2026-08-28,UBER,2026-11-03,67
2026-08-28,SHOP,2026-11-03,67
2026-08-28,MRVL,2026-08-27,-1
2026-08-28,SMCI,2026-11-03,67
2026-08-31,NVDA,2026-11-17,78
2026-08-31,TSLA,2026-10-21,51
2026-08-31,AMD,2026-11-03,64
2026-08-31,META,2026-10-28,58
2026-08-31,AVGO,2026-09-02,2
2026-08-31,MU,2026-09-30,30
2026-08-31,COIN,2026-10-29,59
2026-08-31,PLTR,2026-11-02,63
2026-08-31,NFLX,2026-10-20,50
2026-08-31,CRM,2026-08-26,-5
2026-08-31,UBER,2026-11-03,64
2026-08-31,SHOP,2026-11-03,64
2026-08-31,MRVL,2026-08-27,-4
2026-08-31,SMCI,2026-11-03,64
2026-09-01,NVDA,2026-11-17,77
2026-09-01,TSLA,2026-10-21,50
2026-09-01,AMD,2026-11-03,63
2026-09-01,META,2026-10-28,57
2026-09-01,AVGO,2026-09-02,1
2026-09-01,MU,2026-09-30,29
2026-09-01,COIN,2026-10-29,58
2026-09-01,PLTR,2026-11-02,62
2026-09-01,NFLX,2026-10-20,49
2026-09-01,CRM,2026-08-26,-6
2026-09-01,UBER,2026-11-03,63
2026-09-01,SHOP,2026-11-03,63
2026-09-01,MRVL,2026-12-01,91
2026-09-01,SMCI,2026-11-03,63
