trade_id,forecast_id,opened_utc,ticker,structure,expiry,dte_at_entry,long_strike,short_strike,entry_debit,entry_mid,contracts,capital_at_risk,model_prob_profit,model_ev,model_log_growth,tp_level,sl_level,time_stop_date,status,closed_utc,exit_credit,exit_reason,pnl,return_pct,override,override_reason,earnings_trade,model_version,shadow
a962ff98-4a15-45f4-9509-b493767d2cb7,c5c5fc70-ff8b-41af-bd6c-7714d029fa6e,2026-09-07T23:49:07+00:00,TSLA,call_debit_spread,2026-09-25,18,355.0,375.0,7.049999999999999,6.974999999999999,1,0.0,0.4024,0.16856763651403514,-0.26961534377290974,14.099999999999998,3.5249999999999995,2026-09-28,closed,2026-09-26T00:11:50+00:00,7.83,expiry,76.7,76.7,false,,false,mc_path_v2,true
2e3b61e3-ec98-4e8e-8fcf-e805f324e529,55117489-cbfa-4a29-be40-173a98372c56,2026-09-07T23:49:09+00:00,AMD,call_debit_spread,2026-09-25,18,480.0,520.0,13.27,12.849999999999998,1,0.0,0.3744,-0.2513255932409033,-0.3200252733393745,26.54,6.635,2026-09-28,closed,2026-09-26T00:11:50+00:00,16.94,expiry,365.7,365.7,false,,false,mc_path_v2,true
7aeda7dc-c6af-4360-85f8-4f4c3cc9e3d7,4be7ba81-a917-4c29-97f0-4376f869dbf4,2026-09-07T23:49:11+00:00,AVGO,call_debit_spread,2026-09-25,18,360.0,390.0,8.36,8.225000000000001,1,0.0,0.387575,0.3530268752767846,-0.2906200157557774,16.72,4.18,2026-09-28,closed,2026-09-26T00:11:50+00:00,8.432,expiry,5.9,5.9,false,,false,mc_path_v2,true
c11245da-98b3-4afc-a026-e80f4b5f4868,4f4b0af9-8ccf-4809-b17a-16a0a9510fa2,2026-09-07T23:49:16+00:00,PLTR,call_debit_spread,2026-09-25,18,175.0,190.0,4.874,4.79,1,0.0,0.383175,0.023970400858706865,-0.3010309559375725,9.748,2.437,2026-09-28,closed,2026-09-26T00:11:50+00:00,4.058,expiry,-82.9,-82.9,false,,false,mc_path_v2,true
a294bf59-41c2-4fe6-84b8-8d730a610415,c286d4a6-e5bc-43ff-abc0-aa44d0d10cc2,2026-09-07T23:49:20+00:00,UBER,call_debit_spread,2026-09-25,18,76.0,82.0,1.8979999999999997,1.8050000000000002,1,0.0,0.353225,-0.12988771985222466,-0.36707941456049187,3.7959999999999994,0.9489999999999998,2026-09-28,closed,2026-09-26T00:11:50+00:00,1.712,expiry,-19.9,-19.9,false,,false,mc_path_v2,true
f02183cb-9081-4c80-8b5c-6c1ac998b9da,a8453f06-1824-4d8a-8da2-62439426ef34,2026-09-07T23:49:28+00:00,XLF,call_debit_spread,2026-09-30,23,58.0,63.0,1.184,0.9949999999999999,1,0.0,0.2316,-0.350543423618846,-0.6597101627833631,2.368,0.592,2026-09-28,closed,2026-09-08T23:43:39+00:00,0.20999999999999996,sl,-98.7,-98.7,false,,false,mc_path_v2,true
38fcacd8-5519-4151-a103-5cfaf0cf3170,0dd5f767-2831-4fe4-8036-afb109709b9f,2026-09-08T23:43:26+00:00,SHOP,call_debit_spread,2026-10-02,24,134.0,145.0,4.959999999999999,4.3,1,0.0,0.274075,-1.5299752627674512,-0.5654191840915653,9.919999999999998,2.4799999999999995,2026-09-29,closed,2026-09-30T00:48:29+00:00,4.084,time_stop,-88.9,-88.9,false,,false,mc_path_v2,true
762e81f6-80ec-4ae5-8556-df6025f643d4,b0764f9a-2514-4fc6-8a8b-b35459b630d2,2026-09-09T23:33:40+00:00,XLF,call_debit_spread,2026-09-30,21,57.0,62.0,0.994,0.865,1,0.0,0.26025,-0.23620603545741364,-0.5608392005661441,1.988,0.497,2026-09-30,closed,2026-09-15T00:01:59+00:00,0.42000000000000004,sl,-58.7,-58.7,false,,false,mc_path_v2,true
5699a2a9-f77a-4bc6-926a-eafbfc256abf,5061e570-0390-401e-85f8-f5e2c17cf233,2026-09-09T23:33:45+00:00,ARKK,call_debit_spread,2026-10-02,23,86.5,92.0,1.9320000000000004,1.5150000000000001,1,0.0,0.1249,-1.064528566184932,-1.0886395022932465,3.8640000000000008,0.9660000000000002,2026-09-30,closed,2026-10-01T00:52:43+00:00,3.296,time_stop,135.1,135.1,false,,false,mc_path_v2,true
185d0d58-8060-4fc1-99ed-659501f50bcb,8c0baf37-baa7-4024-b529-0748dc3119c9,2026-09-10T23:27:03+00:00,NVDA,call_debit_spread,2026-10-02,22,220.0,240.0,5.54,5.48,1,0.0,0.374,0.13398058618479583,-0.29861879723562074,11.08,2.77,2026-10-01,closed,2026-10-02T01:07:07+00:00,8.648,time_stop,309.5,309.5,false,,false,mc_path_v2,true
2c7659d2-31b3-40b7-8961-9c450d027a04,03cdb489-8642-4a00-91a1-82468385fa26,2026-09-10T23:27:15+00:00,SMCI,call_debit_spread,2026-10-02,22,37.0,40.0,1.2800000000000002,1.1900000000000002,1,0.0,0.355775,-0.17563499600837446,-0.3861649606607539,2.5600000000000005,0.6400000000000001,2026-10-01,closed,2026-10-02T01:07:07+00:00,1.506,time_stop,21.3,21.3,false,,false,mc_path_v2,true
e8a69111-24b4-4815-92b9-ab826edea697,eff9d68a-f8c0-4be9-b90b-1830fd7cedfd,2026-09-11T23:34:26+00:00,MU,call_debit_spread,2026-10-02,21,975.0,1025.0,21.949999999999996,20.974999999999994,1,0.0,0.39625,-1.6309177450892682,-0.28164725939896146,43.89999999999999,10.974999999999998,2026-10-02,closed,2026-10-03T00:46:59+00:00,27.67,time_stop,570.7,570.7,false,,false,mc_path_v2,true
81eee13e-022e-4a90-b6ad-23bed207d9c9,47b9e277-ba29-44cb-92f4-0cc26e14b657,2026-09-11T23:34:39+00:00,SMH,call_debit_spread,2026-10-02,21,567.5,612.5,15.409999999999998,14.600000000000001,1,0.0,0.341375,-1.4298715058926708,-0.367278411713308,30.819999999999997,7.704999999999999,2026-10-02,closed,2026-10-03T00:46:59+00:00,24.52,time_stop,909.7,909.7,false,,false,mc_path_v2,true
a2bdd0f2-2f3c-49fe-bd1c-d053b0c49f5c,64f2f495-7b37-4e9c-acfa-3ebcdac85119,2026-09-15T23:46:27+00:00,XLF,call_debit_spread,2026-10-09,24,57.0,61.5,0.7659999999999999,0.6699999999999999,1,0.0,0.2827,-0.13424737081487115,-0.5416644154941614,1.5319999999999998,0.38299999999999995,2026-10-06,closed,2026-09-16T23:55:02+00:00,0.0,sl,-77.9,-77.9,false,,false,mc_path_v2,true
e2b6edc1-6ef2-4574-938c-a7d25831fc0d,a5dcc1f3-8319-458a-916b-1ff9ebbf85af,2026-09-17T23:44:53+00:00,NFLX,call_debit_spread,2026-10-09,22,77.0,82.0,1.202,1.19,1,0.0,0.38005,0.046352463481863095,-0.3044400065297222,2.404,0.601,2026-10-08,closed,2026-10-09T01:30:55+00:00,1.178,time_stop,-3.7,-3.7,false,,false,mc_path_v2,true
ed56a32d-b461-4b91-86ec-6ecb5441d431,49e1f4e8-3778-42a9-948c-9baa498d3565,2026-09-17T23:44:57+00:00,XLF,call_debit_spread,2026-10-09,22,56.0,60.5,0.84,0.69,1,0.0,0.198225,-0.3084296114517263,-0.714513126206034,1.68,0.42,2026-10-08,closed,2026-10-09T01:30:55+00:00,0.528,time_stop,-32.5,-32.5,false,,false,mc_path_v2,true
4a3059a7-33e1-4c75-a18f-96b37f5a40b6,ef5a033a-9634-4116-8c4e-39ebe53f7ee5,2026-09-29T01:19:04+00:00,TSLA,call_debit_spread,2026-10-16,18,357.5,375.0,6.64,6.55,1,665.3,0.4069,0.04684919414053158,-0.2668545764385518,13.28,3.32,2026-10-20,open,,,,,,false,,false,mc_path_v2,
d5d1bd3a-3761-44a8-b6ac-44cdc71364aa,cfb04990-e14d-48a8-add3-02fa7cc48605,2026-09-29T01:19:04+00:00,AVGO,call_debit_spread,2026-10-16,18,350.0,377.5,8.458,8.32,1,0.0,0.385825,0.1336579712264836,-0.28924335401480794,16.916,4.229,2026-10-20,open,,,,,,false,,false,mc_path_v2,true
b64c52a6-862e-4528-830e-0519792eb191,9f9d2da3-34ba-42bd-bb91-fed23547beeb,2026-09-29T01:19:04+00:00,PLTR,call_debit_spread,2026-10-16,18,190.0,205.0,4.548,4.455,1,0.0,0.3735,0.00031515909265855983,-0.31753866483855353,9.096,2.274,2026-10-20,open,,,,,,false,,false,mc_path_v2,true
f9b4b61a-c61c-4bcf-af49-3ff535430887,6e97cf9e-42ad-4455-a2a4-f94dd9f78bce,2026-09-30T00:48:29+00:00,COIN,call_debit_spread,2026-10-23,24,190.0,200.0,5.98,4.9,1,0.0,0.1592,-2.6764911084667258,-0.7429596121330956,11.96,2.99,2026-10-21,closed,2026-10-03T00:46:59+00:00,2.1000000000000005,sl,-389.3,-389.3,false,,false,mc_path_v2,true
bc18c6c8-3a59-40cc-98ea-7fdd8169fc05,285233b4-53a1-48bf-b3e1-1644930ac3e9,2026-09-30T00:48:29+00:00,UBER,call_debit_spread,2026-10-23,24,69.0,75.0,2.104,1.99,1,211.70000000000002,0.346275,-0.1730875985328627,-0.37002955589497616,4.208,1.052,2026-10-21,open,,,,,,false,,false,mc_path_v2,
cb8a16b3-d54a-406d-87ce-964dc702cbb5,5953ba34-f051-4a63-b0b5-6da3dc49c1a4,2026-10-02T01:07:06+00:00,ARKK,call_debit_spread,2026-10-23,22,88.5,96.0,3.0580000000000003,2.4250000000000003,1,0.0,0.16545,-1.4722908677262188,-0.8426104129415329,6.1160000000000005,1.5290000000000001,2026-10-23,closed,2026-10-09T01:30:55+00:00,0.91,sl,-216.1,-216.1,false,,false,mc_path_v2,true
710521e6-bae9-48ff-9088-419fd1f279c7,836d145e-19f5-4f73-acfc-9845f4e55a47,2026-10-03T00:46:59+00:00,NVDA,call_debit_spread,2026-10-23,21,245.0,255.0,1.668,1.635,1,0.0,0.570875,0.22849270089618703,-0.12495911908867754,2.502,0.834,2026-10-24,open,,,,,,false,,false,mc_path_v2,true
18145dc4-087e-4bbf-8a7a-38a89c31ea69,63779cfb-39ef-4ae0-b2b6-76b44bec23b2,2026-10-03T00:46:59+00:00,SMCI,call_debit_spread,2026-10-23,21,44.0,48.0,1.402,1.375,1,0.0,0.4589,-0.060833119228547936,-0.272939387290765,2.1029999999999998,0.701,2026-10-24,open,,,,,,false,,false,mc_path_v2,true
f6c83364-88da-4d2e-b803-4266bcd537ad,bd590cca-b57d-4d67-99f5-64207de0847e,2026-10-06T01:57:47+00:00,MU,call_debit_spread,2026-10-23,18,1085.0,1170.0,23.800000000000004,22.150000000000002,1,0.0,0.406075,-2.2009652880421235,-0.3629392145667546,35.7,11.900000000000002,2026-10-27,open,,,,,,false,,false,mc_path_v2,true
558a8105-99f4-4255-87f6-220804853749,6bc530c2-b175-43ea-8f6b-a61fb122c63f,2026-10-06T01:57:47+00:00,COIN,call_debit_spread,2026-10-23,18,187.5,202.5,5.749999999999999,5.375,1,0.0,0.396925,-0.6884470164579916,-0.35688282100141894,8.624999999999998,2.8749999999999996,2026-10-27,open,,,,,,false,,false,mc_path_v2,true
